week,period,bathroom accessories_pv,bathroom cabinets_pv,bathroom fixture parts_pv,bathroom fixtures_pv,bathroom shelves_pv,bathroom vanities and sink consoles_pv,medicine cabinets_pv,towel bars and hooks_pv,towels_pv,vanity stools and benches_pv,vanity tops and side splashes_pv,bathroom accessories_cm,bathroom cabinets_cm,bathroom fixture parts_cm,bathroom fixtures_cm,bathroom shelves_cm,bathroom vanities and sink consoles_cm,medicine cabinets_cm,towel bars and hooks_cm,towels_cm,vanity stools and benches_cm,vanity tops and side splashes_cm
2019-12-30,pre,5772.0,1042.0,13512.0,28377.0,604.0,48055.0,2833.0,3529.0,147.0,1287.0,520.0,836.4387847541915,90.72661195515829,21.2148104987144,3809.055322286342,170.1777856256139,9075.398400939976,728.0842723291919,154.87059665698996,8.154607863969122,239.1095032876583,93.66855550821566
2020-01-06,pre,7293.0,1384.0,20563.0,38298.0,676.0,61448.0,3435.0,4601.0,202.0,1110.0,743.0,1334.2981073039819,336.6148312496335,408.69266666959686,6824.392737921385,120.08011235231574,17048.881987187608,507.70689375072743,286.51904050805837,52.353575053054,160.10804289923772,27.427683947881096
2020-01-13,pre,9177.0,1397.0,23213.0,44039.0,696.0,72528.0,4456.0,5407.0,437.0,1485.0,759.0,1573.0822146521514,407.65362005872146,962.763942814936,7009.41495560979,82.11619155111273,20866.269910235198,1014.5317642907822,682.6484299430883,78.45818272389874,263.2763848190287,-1.6889799440933582
2020-01-20,pre,8524.0,1381.0,21867.0,45637.0,620.0,77187.0,5005.0,5697.0,318.0,1164.0,935.0,1698.0282449867398,41.58640321542032,517.0682730838114,3575.8180946800267,136.22633323456222,17217.66726134307,252.97492671215286,568.4083145134164,32.39942640736203,293.52936371961766,-64.94814140695661
2020-01-27,pre,7307.0,1344.0,21136.0,42232.0,577.0,61948.0,3959.0,5072.0,112.0,862.0,596.0,1059.3641240326683,95.44891800313485,304.6930228252528,2000.8316205091528,111.33993110077853,15603.339985298135,3639.6622603215706,484.5408254976611,5.329979213526741,196.42906380383326,0.0
2020-02-03,pre,6868.0,1425.0,11911.0,32777.0,568.0,66091.0,3809.0,3594.0,97.0,881.0,772.0,1563.9865685540485,1015.9027044753733,519.3719907526506,7148.176672338621,31.431776999750696,21693.33379432896,1809.33797745744,1399.148712546612,19.961317509807316,187.83607137635775,-23.075457910440853
2020-02-10,pre,7230.0,1491.0,13709.0,36064.0,526.0,68173.0,3937.0,4060.0,95.0,850.0,694.0,1190.3554600286568,229.0702261122957,674.911552781962,5781.432044791261,102.55674137060294,33812.72239174825,4199.981854551704,682.7218235084017,5.932625858495076,483.34788209232744,45.592113590691824
2020-02-17,pre,7071.0,1509.0,12765.0,32870.0,642.0,65392.0,4661.0,3596.0,81.0,767.0,1027.0,1566.885650947733,-404.2447236791389,948.687331987196,821.2859609626144,202.37917527998786,9753.332497108051,2622.5418724580004,981.3724083584699,-34.408584870101194,-939.1560166047133,154.00716119084984
2020-02-24,pre,8135.0,1290.0,18708.0,42698.0,624.0,66273.0,4031.0,5234.0,92.0,779.0,1022.0,1164.2495973471403,100.95684779772489,1235.675389508018,5885.72300489975,40.32721302765897,22616.4381259563,2268.3439816275873,568.5026142897168,38.59799519025249,424.7589965306594,-64.58659435404084
2020-03-02,pre,8989.0,1403.0,17876.0,42476.0,800.0,68739.0,3828.0,5570.0,368.0,850.0,756.0,1599.1101223569642,604.1338795105974,354.9004454768059,4266.182865334397,27.81929622402574,20470.08912367001,2168.735992264993,935.1034782149284,-2.8892065758432004,72.41893894689964,41.624238636089544
2020-03-09,pre,9154.0,1381.0,19247.0,40818.0,795.0,68193.0,3096.0,5156.0,598.0,659.0,649.0,1751.541046154253,579.2778739151486,1121.210338711347,7834.046227910659,36.86131177920623,22296.184809901206,929.4062934394507,167.8256466978894,35.536175109458185,949.4965058518505,77.24593567301835
2020-03-16,pre,12905.0,1239.0,18948.0,40106.0,1036.0,65422.0,2948.0,6071.0,1486.0,900.0,515.0,1878.9601763775268,303.3093716698203,1071.5462854256996,6169.492951286424,57.51210550664233,12641.41700013821,4894.265212834923,1397.3960073221006,3.1377932537108224,1664.83201116053,-6.99
2020-03-23,pre,15068.0,1415.0,15520.0,40340.0,1079.0,52733.0,3590.0,6001.0,3553.0,1345.0,585.0,1638.441050272385,-149.99228834446444,356.93321024613226,5125.77510120907,217.2924621617908,13901.774934334198,738.1802938986204,323.34339530114556,318.50698564592335,226.69537225483575,-23.86
2020-03-30,pre,15157.0,1490.0,19872.0,42458.0,1326.0,50191.0,2944.0,6442.0,3893.0,1142.0,777.0,1782.008031081797,293.78222776424656,906.1259365879057,4657.453715296376,181.00677347542063,29380.056827807195,1693.7707343898894,651.6366894284417,31.495906506425477,371.3751124776882,-177.73498998851733
2020-04-06,pre,16674.0,1949.0,23546.0,52021.0,1218.0,58756.0,3279.0,6725.0,4941.0,1184.0,757.0,2785.027218413872,-40.36280123850179,279.0007738400373,4669.441768412131,297.8370270295072,25507.706948596162,2427.200212848414,975.4226146411366,87.41866483829611,134.80208017337242,-5.51059175911746
2020-04-13,pre,17576.0,2052.0,25641.0,58504.0,1265.0,64997.0,3521.0,7113.0,4345.0,1358.0,1198.0,2129.319477550827,905.8686103136174,899.9688561158712,4856.906718840157,282.5402767472149,32062.212145456513,3220.2424954263533,-67.38649304175712,179.74099847376874,97.24610841575522,-254.44482895906077
2020-04-20,pre,17781.0,1778.0,27253.0,60510.0,1441.0,70927.0,3365.0,7153.0,215.0,1362.0,969.0,2476.52539675834,485.42909556064177,1712.012387425078,7402.358323769986,135.46215971815744,36475.84487457407,1416.6329170449267,1180.0584422727034,-10.710245069570568,892.5703698579586,-104.42084674231313
2020-04-27,pre,17768.0,1772.0,27150.0,60800.0,1054.0,71704.0,3686.0,7128.0,1308.0,1373.0,989.0,3294.89014863723,938.1101796408575,592.3157783483439,5672.195694153279,43.94503245924167,41811.04282490032,3348.2342585413535,884.3639864556992,34.49209309648413,920.5427130998497,63.55014195982007
2020-05-04,pre,18282.0,1649.0,29775.0,61019.0,1310.0,62746.0,3601.0,7540.0,1763.0,1214.0,836.0,2589.2245877630535,-289.021211728034,913.1774095379486,9828.865330934572,360.7829768426574,27521.667279149053,3148.375419628511,1387.237542258546,23.801127211387445,546.0362359897928,-25.9
2020-05-11,pre,18357.0,1742.0,29125.0,58045.0,1170.0,71412.0,3825.0,7098.0,3807.0,1060.0,827.0,2586.430998420649,522.9265002451893,436.61299304986227,10208.779884434252,104.94669879625357,30214.88959089196,2266.9277700688335,1100.8429956980983,4.574431186069037,188.21889523881094,147.01045298045594
2020-05-18,pre,10428.0,1676.0,10360.0,34358.0,966.0,82972.0,4123.0,3218.0,1528.0,1013.0,942.0,2871.5800876628746,-71.78300628537802,1501.0977779248924,9957.269307177612,226.01023746283317,31828.036172474218,4954.826980826651,570.6516666900411,269.5177981523852,156.49295091695535,10.215340567084052
2020-05-25,pre,7212.0,1485.0,6836.0,24703.0,535.0,72285.0,3380.0,2299.0,473.0,831.0,888.0,3109.2902748313095,225.62364132924736,181.9914268428373,7304.2757283931605,103.74542186814429,42683.96024016195,2810.13127099549,878.13325025443,223.79910333548122,242.19463051740175,0.47310724643171653
2020-06-01,pre,6821.0,1633.0,6616.0,26754.0,555.0,82632.0,3389.0,2039.0,273.0,620.0,732.0,2563.7754242273504,412.33672512618165,569.1924814876967,5935.5855307004,121.34327533856155,31015.441052350783,3148.9958578754286,777.4984273307045,-5.387836326035746,475.37520470285943,108.79415905337926
2020-06-08,pre,7413.0,1727.0,6571.0,27628.0,628.0,87578.0,4243.0,2076.0,521.0,686.0,656.0,2248.27912140546,1470.450125016025,143.63153176571936,7099.540920920075,-8.10454292325295,33284.108981490455,4579.0528755410705,625.0610767996768,82.19796488329399,482.9010138043685,214.52527392136855
2020-06-15,pre,7251.0,1715.0,5369.0,24250.0,548.0,64329.0,3822.0,2487.0,484.0,674.0,739.0,1793.0392888535628,-130.95693094755,1075.3903472487696,6507.038235920043,-11.305450704225354,29387.381537271653,2290.4538957669547,1579.6918973633028,97.55579386698909,183.5295062568784,-577.5090258016028
2020-06-22,pre,8176.0,1908.0,4821.0,24043.0,663.0,75797.0,3947.0,2386.0,429.0,673.0,866.0,1848.7493187847097,168.26045194714868,65.11597152242793,8663.253383928251,181.46241610657518,29552.779525232043,3216.0432241581093,503.22080905899173,56.69735449795032,124.21329881651441,83.71201901514287
2020-06-29,pre,8200.0,1653.0,4820.0,24059.0,688.0,82593.0,3988.0,2200.0,456.0,801.0,780.0,1944.8846927379016,326.0966641229239,811.2368124330853,5017.767519758416,82.25330547419108,31095.827185359143,2186.445221014712,709.4344714035792,264.75262718259427,576.0350361421978,-246.1165630583915
2020-07-06,pre,7713.0,1735.0,5695.0,26656.0,572.0,92454.0,4475.0,2230.0,226.0,824.0,754.0,2251.298910269062,162.23445188092734,356.45971373583654,12012.920018320487,315.86916220194456,31954.961362290305,2853.0357525594645,1146.3610209401625,63.942346163462275,527.448550180459,-693.9110099040519
2020-07-13,pre,8203.0,1519.0,5906.0,27378.0,608.0,86835.0,4493.0,2410.0,376.0,920.0,971.0,2379.1625873647686,1121.8899751529327,1056.137288487614,7743.858385430275,58.18532435100953,37119.489131446426,1960.6920197428792,918.1817678717289,99.74800456085129,382.90436270028454,167.23298642719004
2020-07-20,pre,7922.0,1372.0,5636.0,25764.0,549.0,73068.0,4279.0,2723.0,248.0,786.0,734.0,1805.3414462038968,488.5284836387233,1530.7758430365304,5955.519128001227,5.341687819902907,26259.181674383326,2785.078635955986,1346.6582087664672,-3.6801991996527397,241.8534532821552,51.683873967085205
2020-07-27,pre,7482.0,1473.0,5637.0,26275.0,457.0,72378.0,4124.0,2560.0,264.0,1033.0,573.0,1898.9011146547846,89.36681934840675,955.5393432449324,7981.215126752677,168.04425891811448,34168.64198286386,1592.823983945078,1445.9148605635196,43.26796744607943,595.701740910758,30.299511390484927
2020-08-03,pre,7599.0,1664.0,6110.0,25809.0,513.0,72865.0,4385.0,2440.0,187.0,1234.0,690.0,2091.730261961513,365.239859977323,862.563754957099,7092.732014576294,164.60939527948946,40610.12511864386,2834.081077248964,1155.5829547961523,14.431348085363007,227.64502927714224,72.26457732626459
2020-08-10,pre,7516.0,1972.0,8016.0,27588.0,639.0,79922.0,4521.0,2690.0,156.0,1004.0,700.0,1946.3966345827132,616.4995846335814,3.565012667996898,10594.983793580564,188.7056533060339,39714.30955966275,4484.563015373474,1232.6276865023003,84.33179846097929,87.04706764052742,8.901599999999954
2020-08-17,pre,7950.0,1897.0,7706.0,29185.0,529.0,83580.0,4710.0,2386.0,107.0,988.0,797.0,1783.4738345738997,448.29451562188785,1109.7559168807118,8017.984078317934,37.06954603815423,42460.00604351769,3352.706832981312,895.0782250228432,2.1225724700427695,1049.3737727686218,-24.709974000000003
2020-08-24,pre,7651.0,2032.0,7048.0,30665.0,644.0,95502.0,4462.0,2682.0,193.0,999.0,798.0,2305.7940862330875,38.640343082983705,898.144708087395,5846.654824752903,168.20701427159463,42481.45394979378,3015.094581888563,609.9819048327461,18.087416124928325,350.128509755928,-14.46158861457209
2020-08-31,pre,7289.0,1627.0,6701.0,32443.0,521.0,95179.0,4793.0,2502.0,393.0,979.0,772.0,1862.5337842381189,302.54228479197417,1334.2401376029459,8234.770670482512,155.201455261419,45478.26915461581,1623.6888853402754,1304.9169298596205,37.1910384869462,449.0501288608882,-9.046579471752704
2020-09-07,pre,11240.0,1914.0,7740.0,31817.0,636.0,91110.0,4629.0,2733.0,365.0,1034.0,718.0,2200.021873233722,898.2303156822898,2008.5473012092934,8175.234537699198,118.54708796388414,44752.43421098858,3863.531170024792,1461.2902873324986,9.31678173690692,404.38647567770977,-19.48991548203418
2020-09-14,pre,10753.0,1866.0,13209.0,41379.0,776.0,88333.0,4613.0,3910.0,324.0,1267.0,1317.0,1369.7692545158332,983.4603295157312,1169.0010101623302,5776.121133301719,106.9776016818511,41988.400209374915,4037.958404638355,1237.1868167068542,-8.686542286777133,157.97551768629918,71.56113996840982
2020-09-21,pre,14558.0,2086.0,29076.0,81109.0,1195.0,122636.0,5108.0,6243.0,751.0,1219.0,1041.0,1700.3667949999958,507.15560026748824,8.79427456716229,6065.188820870645,117.32374456484769,37165.852230051474,1411.128561317946,1529.9081339064971,19.438248877254026,322.032312463617,782.5042469676162
2020-09-28,pre,12276.0,1805.0,29088.0,74567.0,1269.0,112494.0,4781.0,6056.0,756.0,1311.0,1280.0,2367.456277851302,322.4512407072746,657.374046967897,6937.776629516504,51.311639323583464,36258.98275718145,3477.593709740224,1194.6928061764902,84.96605664002564,177.82002011792116,31.327664852100135
2020-10-05,pre,10209.0,1798.0,27170.0,72372.0,1228.0,89176.0,4425.0,6036.0,593.0,1231.0,1252.0,1384.5219911879133,1559.918435329812,2090.3692694598617,9928.535595341325,165.82572547506024,49428.643775576726,2979.5927768607776,1263.5989498558656,110.54605598845549,898.8618030266218,216.64519729844883
2020-10-12,pre,11831.0,2071.0,31294.0,75513.0,1219.0,86741.0,4766.0,6730.0,770.0,1365.0,1077.0,1628.580048566855,-0.31359441561695567,1235.935906932518,8189.647535153776,-71.06705849222139,42869.94660799541,2247.1023202869924,1688.1961970169377,51.91373188028009,494.82464536694556,-290.4588661349925
2020-10-19,pre,11247.0,1812.0,29751.0,70812.0,1198.0,95478.0,4847.0,6640.0,499.0,1278.0,595.0,2006.405957210085,505.593416042,1044.3932035105852,7782.796072017259,15.086171068063152,37882.13772978037,2053.431959211634,1153.633984039867,83.02778595187492,465.0892307519126,1008.5486815506746
2020-10-26,pre,11705.0,1774.0,29585.0,75195.0,1291.0,88510.0,5527.0,7403.0,534.0,1075.0,597.0,2234.262992559629,204.15333647132192,1695.9369649713963,8294.384490996805,152.6751660293015,37421.33264754055,1419.2518982115946,697.3220753439595,31.60050618151169,356.80668064635427,119.27902089958518
2020-11-02,pre,10977.0,1664.0,25634.0,68196.0,1204.0,84690.0,4996.0,5825.0,288.0,955.0,465.0,1515.6410617906693,136.43960088363804,1111.1294198485643,6301.573316554099,51.19638596497941,27916.36917528316,2609.0008506723043,765.7291940087173,32.11149660786304,7.782107959326675,-10.178623
2020-11-09,pre,9159.0,1980.0,24158.0,72126.0,1382.0,77894.0,5317.0,6178.0,429.0,1156.0,524.0,1919.559255763391,921.0445295438105,1887.087662805172,7547.277669618193,90.19373138669367,38976.497821300836,1936.059745355423,591.0725663925225,91.61592090854782,176.5876755975827,-90.27153531716506
2020-11-16,pre,9502.0,1771.0,23717.0,73225.0,1683.0,81074.0,4825.0,7547.0,613.0,1463.0,514.0,1867.3726855786738,1368.595802779037,-603.3182892374011,4357.535286480669,226.49469604045268,38713.76013852292,4334.315033451895,848.2215023641216,56.82416211629846,1563.318988768705,0.714406966229113
2020-11-23,pre,9014.0,1578.0,20171.0,71959.0,1627.0,79354.0,4542.0,7393.0,553.0,1221.0,411.0,1740.8411477432371,661.9020592822054,212.13642683687297,6242.506562492296,27.419624411701555,36776.33167445668,1872.2849196179066,1043.9183092010771,26.291347391234922,972.9579491452058,38.02391684711955
2020-11-30,pre,11105.0,1691.0,23991.0,73730.0,1386.0,82492.0,5527.0,7101.0,328.0,1298.0,542.0,2422.7156524327365,526.7226228721776,298.20611132336984,7124.994651163572,45.69194413101032,32951.80638180737,2239.5351600270205,840.5358814147767,227.20881193157865,1582.6322145875406,167.4763716639311
2020-12-07,pre,11069.0,1791.0,24127.0,72658.0,1507.0,75708.0,5595.0,7093.0,439.0,1045.0,412.0,1564.1690452857526,1262.8814106635803,-28.162551062971332,6534.543995378458,157.3325577816779,25208.269187469115,2488.0573568822315,1417.761305370075,247.94537291384282,497.02602992058166,110.64733277186204
2020-12-14,pre,8941.0,1605.0,22451.0,70015.0,1452.0,67633.0,4773.0,6885.0,758.0,894.0,469.0,1462.1007689369628,811.4492179342915,921.6106915300675,6773.327481788292,93.13693232683856,16618.673996553436,2731.481234476721,676.7982018315846,682.531901134273,145.75772616711197,-15.14
2020-12-21,pre,8552.0,1893.0,20450.0,67641.0,1309.0,71760.0,6109.0,6968.0,220.0,821.0,427.0,1041.9466030251035,536.2711718507405,-394.8034320351975,6453.3968101966475,25.33498488888655,17299.81443129766,-1532.6649938480978,1001.0148852143437,-26.882496321748338,427.12194606050537,-16.233496366747787
2020-12-28,pre,11913.0,2746.0,25222.0,74840.0,1840.0,116485.0,8342.0,8222.0,251.0,1503.0,578.0,1998.03777345019,706.6707229411247,477.31895178415186,7707.422095695905,89.71099379209613,32005.87881102559,2045.2495075291297,2556.1625251237106,83.97723260396407,422.38341168304106,-95.9280737553285
2021-01-04,pre,9944.0,2675.0,23784.0,70310.0,1722.0,102357.0,7075.0,7637.0,581.0,1273.0,519.0,1707.531977425309,695.1544457440132,66.2452707168703,9426.332901164886,174.6771286427483,36638.99339522008,2853.2990651542864,1100.0639111184285,189.67016415740935,695.2016663503031,-29.490477000000002
2021-01-11,pre,11449.0,2285.0,23595.0,72747.0,1630.0,104575.0,7588.0,7620.0,380.0,1376.0,619.0,1513.7156380440067,1014.4577067135097,1540.4143155945883,9132.452543062976,134.9140985910901,26404.76452427727,3364.6347604438615,1149.045377640344,67.59616930472663,318.9930474849724,-599.9375992014386
2021-01-18,pre,11867.0,2586.0,25847.0,74084.0,1650.0,110378.0,8170.0,8043.0,194.0,1599.0,645.0,1876.2023274033063,254.0896544200791,-969.4055366578767,9680.586423190234,137.0228985723469,33768.33575902219,6695.738758806059,1095.2247822248912,51.616950537385144,292.2364476964949,-15.289888292727552
2021-01-25,pre,16213.0,2626.0,42790.0,97754.0,1865.0,148950.0,8042.0,11206.0,465.0,1591.0,667.0,2376.1496783754114,250.63425891650604,2132.610140618355,10023.892234221274,214.22723561055048,39826.87110458691,-770.970324084519,1340.869772852633,26.508937735195303,923.4655261517227,-0.8272335744377991
2021-02-01,pre,15907.0,2043.0,52571.0,105120.0,1844.0,137876.0,6790.0,13926.0,297.0,1483.0,496.0,1845.137016113927,723.729722855036,844.0939468967522,8744.354638142002,-176.17800440643998,42205.01198362655,1753.7331209823978,1099.8407844206388,26.660115716537884,228.5809380502871,198.28834061522332
2021-02-08,pre,13813.0,1730.0,47190.0,88530.0,1511.0,105735.0,5644.0,11746.0,79.0,1446.0,452.0,2149.634695962436,52.24826391111017,-140.73518024616448,11399.123673271277,71.90742099303318,30205.787206318935,4844.208514381711,1725.043518173037,15.637840580779882,643.5646437584702,-12.8
2021-02-15,pre,14544.0,2125.0,46706.0,92225.0,1619.0,119553.0,6060.0,12375.0,136.0,1335.0,463.0,2699.8344915737866,986.8997797107236,202.45169843003373,10803.23758017129,-83.98138530387135,26262.55571973634,333.54761987436,2401.1282793721016,93.4834356014062,401.7861351827581,202.0153656062484
2021-02-22,pre,12997.0,1703.0,44502.0,96489.0,1538.0,102384.0,6535.0,12270.0,119.0,1079.0,514.0,2051.3880912920554,1119.742612278157,163.02042769239353,10090.569107072113,49.11880891873793,46496.8989511527,3021.5804292623893,976.7726887246333,81.22324048594346,1535.1884525349672,-15.592573
2021-03-01,pre,13150.0,2110.0,56093.0,105643.0,1687.0,120123.0,5944.0,12851.0,173.0,938.0,433.0,2114.312314976046,1273.5011274946028,1313.3703866773535,10294.10024106456,107.05721777940252,38883.347669587376,1590.0430289556152,1174.6355569329155,5.252980545124785,184.83315936022808,-121.09789419882392
2021-03-08,pre,14028.0,1634.0,61896.0,112228.0,1653.0,118408.0,5654.0,14369.0,101.0,900.0,451.0,1455.1015713497668,259.3075509693977,357.4574094805326,8931.663136053861,58.87529300131048,49750.62302678855,3007.839357292334,1239.9168241979075,71.74497787356638,373.7467668893392,-21.002716
2021-03-15,pre,14545.0,1767.0,70329.0,116867.0,1832.0,116373.0,5464.0,15535.0,104.0,946.0,531.0,2207.3982339437866,462.76653177418143,2307.700568560686,15822.225118503813,92.30307286725342,36854.59089958336,2688.8412659749865,1048.6910228320523,-244.39866903331122,394.02004237276327,177.23236864050997
2021-03-22,pre,15152.0,1968.0,73049.0,122165.0,2001.0,101115.0,5901.0,16034.0,124.0,796.0,429.0,1915.6162985209758,147.7009047689205,-286.56295263720165,8932.109374391472,128.08549362416258,28824.466868258023,2381.2346580717813,950.8055250967902,-64.68122289132381,209.26392223430454,-27.156386
2021-03-29,pre,13452.0,1550.0,61082.0,110188.0,1829.0,92670.0,5022.0,13268.0,265.0,821.0,431.0,1824.361301409629,545.1440359529284,1493.6464555394898,9125.611031795195,173.7844818346942,35917.543810685005,2142.576488719091,1095.4414726968253,21.126925999999994,601.5071293316913,-18.175139
2021-04-05,pre,13004.0,1774.0,56548.0,111518.0,1664.0,100423.0,5815.0,12531.0,810.0,987.0,430.0,1690.471783352429,369.52390106257565,-629.84002171966,4431.819364453013,164.06750416145505,47766.1363762812,649.8024749164026,763.2260559386717,484.12443368286347,233.15557680634615,41.41422349933242
2021-04-12,pre,12529.0,2127.0,61961.0,113318.0,1709.0,98074.0,6493.0,12489.0,191.0,857.0,453.0,880.725129267431,405.39100143771475,67.56024771292664,12381.149575030182,45.70686841019291,33258.618885693366,1797.316482883735,842.3926263750691,-12.417936000000001,76.74262687140214,228.61238202884041
2021-04-19,pre,12776.0,2141.0,58509.0,110904.0,1657.0,108360.0,6794.0,12126.0,169.0,776.0,541.0,1467.496155243441,760.8732905641776,370.7526700077765,8338.007779542115,161.30011798605165,17454.531738575744,1796.774576373288,-94.4588055136038,167.54362708638786,122.26111521932123,-30.070399845093075
2021-04-26,pre,12133.0,1882.0,59360.0,114155.0,1752.0,96120.0,6407.0,12197.0,296.0,780.0,513.0,1833.183861868756,789.9956543221241,-908.0238891724505,4353.111794714318,279.44197428817847,39767.14521922445,1408.3657685601893,1006.406589537628,148.71692727669543,6.29557450316481,-28.679999999999996
2021-05-03,pre,12482.0,2013.0,59679.0,118218.0,1796.0,89519.0,7121.0,12755.0,297.0,955.0,450.0,1457.9935460249126,593.4697084472648,-1201.1966329908273,3470.1956820809783,90.13871277796449,18353.5195377859,3696.08310934119,2301.8554296704538,70.88425599506496,294.562489836773,-19.69
2021-05-10,pre,12408.0,1981.0,60890.0,115641.0,1745.0,84562.0,6517.0,12624.0,207.0,971.0,323.0,2466.204757128033,262.5166689667556,-2043.2082377787017,7641.738376901137,147.6919872457732,25485.91961642736,1352.849756092098,1134.2373038640653,98.87298979611472,-130.75128456518408,39.901059426671004
2021-05-17,pre,13164.0,2001.0,63017.0,115378.0,1629.0,86341.0,5693.0,12673.0,206.0,877.0,398.0,862.1546361175372,601.9463023865197,1515.963036630753,5835.634355214869,25.252796601431747,18213.881711709775,-903.5111563902219,865.7030651320883,156.7790768175731,52.86574806440985,405.89960733021815
2021-05-24,pre,13306.0,2002.0,54838.0,105418.0,1674.0,98609.0,6514.0,12869.0,315.0,946.0,398.0,661.5916940606182,1601.6444353769848,-284.21909070180163,7934.3128276576335,102.52085338625334,1760.35316599218,941.0643220636246,264.2061199145044,88.11147801890232,301.6210804454265,69.4428364534941
2021-05-31,pre,12482.0,2158.0,54153.0,99127.0,1548.0,91560.0,6559.0,12359.0,468.0,775.0,436.0,2668.0898908749327,765.4492257903786,1467.8191386047354,7191.516246382139,93.93473143200626,18638.065926448424,2026.103958110059,-63.41876411391888,70.69688706273867,90.50376835599644,-29.434493999999997
2021-06-07,pre,11923.0,2067.0,46768.0,91032.0,1683.0,85787.0,6270.0,11314.0,498.0,802.0,358.0,2270.4496415011995,-126.36963061466435,-20.287671164565335,9614.503772922073,233.50458520931548,5375.79108505697,764.4636339366539,753.6121828663067,98.5801617613661,33.49475034376576,-29.398152
2021-06-14,pre,12283.0,2017.0,50294.0,93340.0,1705.0,89700.0,5716.0,12746.0,431.0,864.0,462.0,1317.176212391005,3844.909049089129,-2041.1028793426901,2819.9400728466794,52.04979679548548,5162.037522929468,-1298.5018486638019,1003.462586501953,115.9228269620328,61.218596758106116,-7.08337551647182
2021-06-21,pre,13116.0,2294.0,50860.0,95205.0,1560.0,105081.0,6263.0,13359.0,229.0,844.0,471.0,278.60418919600147,881.1299056138163,-1143.8814502622752,4765.922690286003,67.58986737113123,-14432.883382578999,522.3120252248818,-22.41683753248354,6.6386127186651915,606.728889161565,-89.24173603560244
2021-06-28,pre,11941.0,2393.0,45684.0,87853.0,1555.0,102172.0,6115.0,11305.0,162.0,980.0,532.0,549.7332778398933,-257.89226712883345,-1562.3546895687036,5869.223477643302,72.10732569692854,19187.178141319164,1328.4477862553297,1357.1884487040006,-14.71364862050564,47.28407199358247,-69.22
2021-07-05,pre,12387.0,2595.0,48323.0,88212.0,1581.0,101938.0,7728.0,12508.0,294.0,1024.0,508.0,840.5412843532566,376.4558685451544,-54.62942313205579,4694.007784359905,73.90219513376469,5341.794804879539,1573.8451033205201,435.0029916919606,-8.508436999999999,228.77240189802444,-34.13633545239533
2021-07-12,pre,11874.0,2354.0,51418.0,90937.0,1736.0,103341.0,7738.0,12823.0,252.0,1059.0,348.0,1274.6534165648418,432.31574952353526,429.671102578102,7358.159067963397,94.2810260921508,18832.361322909757,1634.0214123602714,736.482725275738,14.328555951085706,204.10681061545313,-92.81060735527956
2021-07-19,pre,12237.0,2337.0,46299.0,90673.0,1538.0,100939.0,8015.0,13046.0,396.0,1017.0,387.0,1196.1431390877005,424.51146401156655,-431.0036073096623,7358.930814675547,74.58815052896898,9578.633164684925,1593.0377701082625,810.7245351333283,50.5025888054451,103.92540640694827,212.51049034951524
2021-07-26,pre,11989.0,2435.0,45980.0,85584.0,1488.0,99081.0,7644.0,11905.0,213.0,1041.0,524.0,653.122184044554,2761.1055383593975,-864.8329490010605,4710.907123910396,49.99635521733634,18142.090587629475,3043.7630455749268,774.6964038057248,81.54799078381201,367.0846072068649,100.42966931645537
2021-08-02,pre,11290.0,1994.0,37575.0,74802.0,1421.0,93225.0,8318.0,10034.0,201.0,1084.0,409.0,1508.505310346656,778.3918379231952,86.65566462612856,4516.3669284609105,85.46487834956422,15575.310969485043,2165.8212426225623,385.49104695085595,200.38924752396895,574.0755693355893,20.00266356044571
2021-08-09,pre,12995.0,1886.0,51343.0,91350.0,1428.0,93359.0,7572.0,13339.0,69.0,926.0,356.0,1326.6820983616487,42.59815953700155,86.9813457769327,5628.816157970043,113.5108484936519,30892.203593163704,1552.7850494023608,977.1278506474249,1.224984207316068,703.1306081620257,8.284563331848704
2021-08-16,pre,13889.0,1951.0,49738.0,94690.0,1411.0,115991.0,7949.0,13747.0,74.0,980.0,290.0,2130.7322362119507,232.03787785792866,-1666.3886540170663,11883.292123904423,15.413302197964752,21527.731625250777,1299.7794983097237,496.9195802087665,23.30831134704225,167.50500548177712,25.29801975994219
2021-08-23,pre,14987.0,2249.0,58461.0,101138.0,1585.0,109698.0,8479.0,14764.0,68.0,1061.0,474.0,1218.1323986639452,-35.944175835135425,718.6725200611035,9511.580502066683,156.40537548339537,19302.5045979002,647.537572015136,990.1430839269892,0.4942938194699107,806.7677478129838,-71.74303599999999
2021-08-30,pre,13880.0,2152.0,58323.0,98803.0,1843.0,100643.0,8148.0,14345.0,83.0,1191.0,500.0,1463.3098789446847,253.96483979669526,142.92543298521596,5498.398698724768,52.21381617250402,14558.268041533729,-895.6572183318792,899.3803864479411,-21.33920867511601,494.0840681526105,-13.518307981439392
2021-09-06,pre,12125.0,2495.0,39145.0,78402.0,1686.0,100989.0,8111.0,10807.0,66.0,1252.0,554.0,1718.3269827306115,947.7893826804427,-1286.9549507868494,4875.959711731622,121.55208241847706,19013.596756572482,906.4197537498808,695.1971662827921,33.15964559761279,337.34197510959547,113.72096848566824
2021-09-13,pre,13218.0,2246.0,50875.0,91331.0,1606.0,94483.0,8602.0,13570.0,112.0,1335.0,521.0,1076.666993876114,573.6546024420286,-175.08541128516168,7510.14112347031,26.004538476972805,17441.059543536034,1590.9620267583962,608.1134122435684,38.500278508064994,261.4537415252563,38.533281622859775
2021-09-20,pre,14758.0,2235.0,54061.0,95613.0,1549.0,123540.0,9107.0,13778.0,254.0,1118.0,715.0,1547.615796673284,664.3642933868518,-1022.4059024151086,8565.966251726575,96.0851342478349,19325.55106945293,1252.8966355083219,391.7266999503625,33.89486418474967,616.2865007427059,130.59017860610078
2021-09-27,pre,15305.0,2406.0,49682.0,91471.0,1496.0,129028.0,8885.0,12494.0,252.0,1276.0,662.0,1746.8454580569064,695.6054823612025,-446.96364223046356,6160.186221555369,116.5926298688991,23327.28737440532,5175.3240303808125,2123.145823665896,49.66810945192541,692.8698860567926,101.33573368834502
2021-10-04,pre,14812.0,2808.0,54534.0,89230.0,1404.0,128878.0,9309.0,12796.0,105.0,1380.0,1204.0,2142.6941631978084,-100.4343450273872,-1016.9793443996072,9646.75392515462,75.96818957957156,24368.13711290503,445.5330789943734,1781.0554731255038,20.664737795117937,503.4961168102244,45.66492591644827
2021-10-11,pre,15059.0,2638.0,51262.0,93321.0,1663.0,117631.0,9154.0,13557.0,177.0,1286.0,1022.0,1244.4648688535701,-147.7196743265897,-39.216730508940785,2085.937921065209,9.965019480920043,25300.266282031374,2823.0377724531654,1526.039367549813,59.536821677646245,692.7313879305918,-405.0242075605139
2021-10-18,pre,8415.0,1451.0,29811.0,52447.0,758.0,70390.0,5627.0,7821.0,294.0,606.0,466.0,1054.3737322700017,205.39758657995662,-119.79482273780432,4425.700000186585,20.403059104797457,8771.661520457033,1090.4795843838465,657.9754909890102,107.57957667785887,433.64305841108137,-0.9550538977363985
2021-10-18,post,5864.0,1221.0,19277.0,32935.0,524.0,49759.0,4263.0,5042.0,70.0,499.0,383.0,479.83568924434314,513.9689084164286,-901.585273189214,899.9541480025484,91.78469860223399,8700.995491915211,1328.3533012784546,542.4637459203643,40.96059690315873,-41.161757003274865,217.45638321906742
2021-10-25,post,13226.0,2739.0,37933.0,66676.0,771.0,105831.0,9462.0,9791.0,218.0,1330.0,659.0,913.1210925191273,-20.916521803258064,989.1067933029253,6130.33933669852,128.3114832418903,11120.312613120597,3543.198095609627,545.5092830625879,-8.14,415.1723668815322,82.63562109588855
2021-11-01,post,12556.0,2750.0,38608.0,67746.0,831.0,107649.0,9760.0,9921.0,91.0,1229.0,747.0,2540.753441891217,-128.545530284679,-1008.4264572151503,3733.032717528109,116.15188602886,25350.471145679483,4133.321205822281,1313.405878764739,104.81168472302956,1080.2760907104312,165.04745006474909
2021-11-08,post,11716.0,2742.0,33921.0,64958.0,744.0,112846.0,10815.0,8762.0,177.0,1089.0,800.0,1909.9512224606976,390.65153277972865,-2808.216476493632,821.3540549591261,12.198735317810735,7377.276970545371,4701.388467061623,454.9004244655105,-8.700000000000001,16.343151994840046,-25.48586085542609
2021-11-15,post,10322.0,2613.0,31022.0,61966.0,707.0,97930.0,8337.0,8333.0,462.0,1171.0,666.0,1581.5073126485772,-64.60041649730545,-741.9102953649268,1675.4706794222966,83.83106879857164,12788.980645169158,986.9549697489366,891.6701658141415,33.74307703499732,389.71798017076065,-160.04397785102728
2021-11-22,post,6898.0,2084.0,19035.0,43559.0,553.0,89635.0,7070.0,5250.0,426.0,1102.0,647.0,395.3286806908357,-90.84939847124916,-853.6307527671186,3093.587492688012,44.89138328566216,30736.3501166169,1357.3537678103978,172.8764123047331,115.13712564893385,408.26395059162155,-173.4927183050983
2021-11-29,post,4145.0,874.0,13239.0,27341.0,375.0,39542.0,3290.0,3871.0,280.0,434.0,269.0,637.4696091851074,169.01553882446197,-461.1258128766144,1824.2045335597945,36.421102893138595,7941.77151741095,-769.1235832104865,-61.10937992110525,29.248951356957722,114.04346443037528,-70.68619264285029
